x_m,y_m,z_m,depth_m,azn_deg,dip_deg,app_m,type
0.00,0.00,0.00,7.32,251.54,66.54,0,2
5.278188237,4.802029753,-1.882986772,7.38,256.38,58.77,0,2
5.306796304,4.828057015,-1.893192662,7.42,261.96,67.58,0,2
5.349708403,4.867097907,-1.908501498,7.48,254.12,65.24,0,2
5.392620503,4.906138799,-1.923810333,7.54,258.38,58.26,0,2
5.428380585,4.938672876,-1.936567696,7.59,259.44,61.89,0,2
5.449836635,4.958193322,-1.944222114,7.62,252.63,63.77,0,2
5.564268901,5.062302368,-1.985045676,7.78,147.98,21.17,0,2
5.600028983,5.094836445,-1.997803038,7.83,205.98,67.58,0,2
5.735917298,5.218465938,-2.046281018,8.02,169.84,19.01,0,2
5.735917298,5.218465938,-2.046281018,8.02,84.18,84.07,0,2
5.771677381,5.251000015,-2.059038381,8.07,259.75,58.5,0,2
5.843197547,5.316068168,-2.084553107,8.17,223.04,72.63,0,2
6.014845945,5.472231738,-2.145788449,8.41,186.24,23.54,0,2
6.021997962,5.478738553,-2.148339921,8.42,177.57,31.61,0,2
6.029149978,5.485245368,-2.150891394,8.43,259.25,75.13,0,2
6.057758045,5.51127263,-2.161097284,8.47,6.74,58.49,0,2
6.086366111,5.537299891,-2.171303175,8.51,45.79,47.2,0,2
6.207950393,5.647915753,-2.214678209,8.68,254.89,68.18,0,2
6.222254426,5.660929384,-2.219781154,8.7,263.59,68.67,0,2
6.415358874,5.836613399,-2.288670914,8.97,243.65,84.28,0,2
6.501183073,5.914695184,-2.319288585,9.09,59.98,36.9,0,2
6.508335089,5.921201999,-2.321840057,9.1,147.18,30.34,0,2
6.71574357,6.109899645,-2.395832763,9.39,130.5,32.34,0,2
6.744351636,6.135926907,-2.406038653,9.43,192.02,42.65,0,1
6.908848018,6.28558366,-2.464722523,9.66,207.51,73.05,0,-1
6.980368184,6.350651814,-2.490237248,9.76,120.89,19.39,0,2
7.023280283,6.389692707,-2.505546084,9.82,345.79,75.65,0,2
7.187776665,6.53934946,-2.564229954,10.05,231.84,29.65,0,2
7.28075288,6.62393806,-2.597399097,10.18,230.04,54.34,0,2
7.366577079,6.702019845,-2.628016768,10.3,190.28,42.25,0,2
7.55252951,6.871197045,-2.694355056,10.56,160.95,18.38,0,2
7.645505726,6.955785645,-2.727524199,10.69,245.72,86.6,0,-1
7.745633958,7.04688106,-2.763244816,10.83,218.81,10.35,0,2
7.967346472,7.248592337,-2.842340466,11.14,198.15,35.51,0,2
8.031714621,7.307153676,-2.865303719,11.23,222.48,67.55,0,2
8.131842853,7.398249091,-2.901024336,11.37,224.38,65.93,0,1
8.146146886,7.411262722,-2.906127281,11.39,175.39,24.84,0,2
8.253427135,7.508864953,-2.94439937,11.54,216.89,61.51,0,1
8.260579152,7.515371768,-2.946950842,11.55,229.45,73.53,0,1
8.267731168,7.521878583,-2.949502315,11.56,168.78,35.07,0,2
8.282035202,7.534892214,-2.95460526,11.58,232.66,88.8,0,1
8.367859401,7.612973999,-2.985222931,11.7,48.67,72.16,0,2
8.375011417,7.619480814,-2.987774404,11.71,138.05,36.37,0,2
8.382163434,7.62598763,-2.990325876,11.72,183.84,35.34,0,2
9.440661888,8.588996306,-3.36794382,13.2,85.55,80.54,0,1
9.454965921,8.602009937,-3.373046765,13.22,346.73,63.08,0,2
9.476421971,8.621530383,-3.380701183,13.25,262.08,65.98,0,2
9.505030037,8.647557645,-3.390907073,13.29,347.82,69.04,0,2
9.51933407,8.660571275,-3.396010018,13.31,257.98,71.2,0,2
9.626614319,8.758173506,-3.434282107,13.46,256.57,69.81,0,2
9.633766335,8.764680322,-3.43683358,13.47,220.28,61.24,0,2
9.698134485,8.82324166,-3.459796833,13.56,222.42,57.71,0,2
10.25599178,9.33077326,-3.658811695,14.34,212.11,46.3,0,1
10.35612001,9.421868675,-3.694532311,14.48,207.83,37.09,0,2
10.39903211,9.460909568,-3.709841147,14.54,213.46,38.61,0,2
10.59928857,9.643100398,-3.781282379,14.82,252.32,59.03,0,2
10.67080874,9.708168552,-3.806797105,14.92,204.08,30.69,0,2
10.68511277,9.721182183,-3.81190005,14.94,248.57,42.65,0,2
10.77093697,9.799263968,-3.842517721,15.06,73.37,76.25,0,1
10.77808899,9.805770783,-3.845069194,15.07,60.5,78.85,0,1
10.8281531,9.851318491,-3.862929502,15.14,255.4,45.34,0,2
10.9139773,9.929400275,-3.893547173,15.26,250.61,58.1,0,3
10.94973739,9.961934352,-3.906304536,15.31,224.82,30.31,0,2
10.9998015,10.00748206,-3.924164844,15.38,251.47,50.63,0,3
11.05701764,10.05953658,-3.944576625,15.46,246.66,44.32,0,3
11.11423377,10.11159111,-3.964988406,15.54,241.05,39.5,0,2
11.14999385,10.14412518,-3.977745769,15.59,237.47,31.43,0,2
11.20720998,10.19617971,-3.99815755,15.67,234.06,25.44,0,2
11.22151402,10.20919334,-4.003260495,15.69,225.52,30.18,0,2
11.25012208,10.2352206,-4.013466385,15.73,346.09,60.73,0,2
11.25012208,10.2352206,-4.013466385,15.73,253.53,54.33,0,2
11.26442612,10.24823423,-4.01856933,15.75,348.72,58.72,0,2
11.30733822,10.28727512,-4.033878166,15.81,229.59,32.66,0,2
11.30733822,10.28727512,-4.033878166,15.81,263.72,69.55,0,2
11.35025032,10.32631601,-4.049187001,15.87,248.18,52.06,0,2
11.36455435,10.33932964,-4.054289947,15.89,90.76,76.55,0,2
11.41461846,10.38487735,-4.072150255,15.96,255.74,53.4,0,2
11.45037855,10.41741143,-4.084907618,16.01,176.04,29.52,0,2
11.75076324,10.69069768,-4.192069466,16.43,256.75,86.9,0,2
11.80082736,10.73624538,-4.209929775,16.5,77.72,74.87,0,2
12.00108382,10.91843621,-4.281371007,16.78,223.45,47.78,0,2
12.2943165,11.18521564,-4.385981383,17.19,162.99,23.27,0,2
12.35153264,11.23727017,-4.406393164,17.27,223.23,16.15,0,2
12.41590079,11.29583151,-4.429356417,17.36,200.45,36.7,0,2
12.45881289,11.3348724,-4.444665253,17.42,214.7,34.77,0,1
12.50172498,11.37391329,-4.459974088,17.48,232.81,30.65,0,1
12.57324515,11.43898144,-4.485488814,17.58,252.13,27.78,0,2
12.75204557,11.60165183,-4.549275629,17.83,198.85,15.07,0,2
12.8092617,11.65370635,-4.56968741,17.91,193.54,20.49,0,2
12.83786976,11.67973361,-4.5798933,17.95,0.49,74.48,0,2
13.15255849,11.96603349,-4.692158094,18.39,248.04,83.49,0,2
13.18831858,11.99856757,-4.704915457,18.44,345.57,74.71,0,2
13.20977463,12.01808801,-4.712569875,18.47,255.78,72.99,0,2
13.30275084,12.10267661,-4.745739019,18.6,237.75,62.3,0,2
13.33135891,12.12870387,-4.755944909,18.64,35.76,43.24,0,2
13.38857504,12.1807584,-4.77635669,18.72,129.91,22.38,0,2
13.46724722,12.25233337,-4.804422888,18.83,345.02,77.56,0,2
13.66750369,12.4345242,-4.875864121,19.11,201.41,56.64,0,2
13.81769604,12.57116732,-4.929445045,19.32,262.38,62.46,0,2
13.90352023,12.64924911,-4.960062716,19.44,195.26,51.64,0,2
13.98219242,12.72082407,-4.988128915,19.55,250.64,52.48,0,2
13.98934443,12.72733089,-4.990680387,19.56,255.65,55.65,0,2
14.02510452,12.75986497,-5.00343775,19.61,246.42,61.34,0,2
14.09662468,12.82493312,-5.028952476,19.71,272.38,55.77,0,2
14.12523275,12.85096038,-5.039158367,19.75,247.64,4.34,0,2
14.13238477,12.8574672,-5.041709839,19.76,346.38,75.25,0,2
14.24681703,12.96157624,-5.082533401,19.92,252.3,63.77,0,2
14.28972913,13.00061714,-5.097842236,19.98,246.73,61.67,0,2
14.32548921,13.03315121,-5.110599599,20.03,244.45,68.04,0,2
14.38985736,13.09171255,-5.133562852,20.12,256.56,83.5,0,2
14.51144164,13.20232841,-5.176937886,20.29,192.36,49.51,0,2
14.56150576,13.24787612,-5.194798195,20.36,172.57,57.42,0,2
14.57580979,13.26088975,-5.19990114,20.38,253.83,60.06,0,2
14.57580979,13.26088975,-5.19990114,20.38,155.13,40.01,0,2
14.59726584,13.2804102,-5.207555557,20.41,253.82,56.29,0,2
14.61156988,13.29342383,-5.212658503,20.43,16.8,52.09,0,2
14.65448198,13.33246472,-5.227967338,20.49,256.36,66.59,0,2
14.70454609,13.37801243,-5.245827646,20.56,254.54,89.73,0,2
14.77606626,13.44308058,-5.271342372,20.66,345.29,78.1,0,2
14.81897836,13.48212147,-5.286651208,20.72,343.42,74.2,0,2
14.88334651,13.54068281,-5.309614461,20.81,211.8,20.65,0,2
14.89049852,13.54718963,-5.312165934,20.82,348.3,72.95,0,2
14.95486667,13.60575097,-5.335129187,20.91,256.94,63.22,0,2
14.96201869,13.61225778,-5.33768066,20.92,157.96,26.76,0,2
14.96917071,13.6187646,-5.340232132,20.93,246.58,66.46,0,2
14.98347474,13.63177823,-5.345335077,20.95,241.66,70.99,0,2
15.02638684,13.67081912,-5.360643913,21.01,261.65,75.83,0,1
15.06214692,13.7033532,-5.373401276,21.06,249.03,59.38,0,2
15.12651507,13.76191454,-5.396364529,21.15,270.43,66.85,0,2
15.1408191,13.77492817,-5.401467474,21.17,193.88,42.55,0,2
15.16227515,13.79444861,-5.409121892,21.2,263.4,71.06,0,2
15.1837312,13.81396906,-5.41677631,21.23,307.41,67.72,0,2
15.19088322,13.82047587,-5.419327783,21.24,262.73,65.53,0,2
15.21233927,13.83999632,-5.4269822,21.27,176.87,52.61,0,2
15.24094734,13.86602358,-5.437188091,21.31,308.22,64.75,0,2
15.24094734,13.86602358,-5.437188091,21.31,4.61,40.49,0,2
15.27670742,13.89855766,-5.449945454,21.36,230.31,53.83,0,2
15.34107557,13.957119,-5.472908707,21.45,28.81,44.16,0,2
15.34822758,13.96362581,-5.47546018,21.46,251.64,60.36,0,2
15.3553796,13.97013263,-5.478011652,21.47,301.89,70.38,0,2
15.38398767,13.99615989,-5.488217542,21.51,245.98,58.05,0,2
15.41974775,14.02869397,-5.500974905,21.56,241.92,43.13,0,2
15.42689977,14.03520078,-5.503526378,21.57,344.11,70.4,0,2
15.44835582,14.05472123,-5.511180796,21.6,189.45,21.96,0,2
15.47696388,14.08074849,-5.521386686,21.64,17.56,31.61,0,2
15.5699401,14.16533709,-5.55455583,21.77,250.49,56.02,0,2
15.62715623,14.21739161,-5.574967611,21.85,202.62,47.63,0,2
15.79880463,14.37355518,-5.636202953,22.09,304.61,67.5,0,2
15.79880463,14.37355518,-5.636202953,22.09,42.76,31.54,0,2
15.87747681,14.44513015,-5.664269151,22.2,353.37,66.91,0,2
15.99190908,14.5492392,-5.705092713,22.36,89.02,55.41,0,2
16.01336513,14.56875964,-5.71274713,22.39,5.74,65.38,0,2
16.14925344,14.69238914,-5.76122511,22.58,83.98,32.26,0,2
16.24938167,14.78348455,-5.796945726,22.72,186.4,13.86,0,2
16.30659781,14.83553907,-5.817357507,22.8,260.07,38.58,0,2
16.33520587,14.86156634,-5.827563397,22.84,45.3,46.44,0,2
16.34235789,14.86807315,-5.83011487,22.85,247.75,49.05,0,2
16.37811797,14.90060723,-5.842872233,22.9,277.77,55.04,0,2
16.41387805,14.93314131,-5.855629596,22.95,260.4,54.38,0,2
16.46394217,14.97868901,-5.873489904,23.02,200.07,47.69,0,2
16.49970225,15.01122309,-5.886247267,23.07,18.21,36.03,0,2
16.5211583,15.03074354,-5.893901684,23.1,105.14,51.86,0,2
16.53546234,15.04375717,-5.89900463,23.12,245.58,49,0,2
16.66419864,15.16087984,-5.944931136,23.3,345.31,67.76,0,2
16.7357188,15.225948,-5.970445862,23.4,36.8,36.25,0,2
16.87875913,15.35608431,-6.021475314,23.6,31.47,39.81,0,2
16.93597527,15.40813883,-6.041887095,23.68,355.93,40.9,0,2
17.02179946,15.48622061,-6.072504766,23.8,313.02,72.27,0,2
17.02895148,15.49272743,-6.075056238,23.81,336.44,76.17,0,2
17.35794424,15.79204094,-6.192423977,24.27,202.71,63.88,0,2
17.38655231,15.8180682,-6.202629868,24.31,349.68,65.08,0,2
17.40800836,15.83758864,-6.210284286,24.34,18.96,67.62,0,2
17.47237651,15.89614998,-6.233247539,24.43,342.94,68.03,0,2
17.67978499,16.08484763,-6.307240244,24.72,349.04,64.7,0,2
17.78706524,16.18244986,-6.345512333,24.87,95.44,69.34,0,2
17.87288944,16.26053164,-6.376130004,24.99,341.07,71.06,0,2
17.97301767,16.35162706,-6.41185062,25.13,343.34,71.89,0,2
17.98016969,16.35813387,-6.414402093,25.14,8.4,73.53,0,2
18.12321002,16.48827018,-6.465431545,25.34,343.75,65.95,0,2
18.36637858,16.7095019,-6.552181613,25.68,342.28,67.7,0,2
18.3735306,16.71600872,-6.554733085,25.69,233.76,80.22,0,2
18.45220278,16.78758369,-6.582799284,25.8,0.83,39.52,0,2
18.81695563,17.11943127,-6.712924386,26.31,165.65,45.13,0,2
18.94569192,17.23655395,-6.758850893,26.49,23.6,85.68,0,2
19.16025242,17.43175841,-6.83539507,26.79,357.8,67.19,0,2
19.68234963,17.90675594,-7.021652569,27.52,357.75,66.64,0,2
20.63356784,18.77216238,-7.360998424,28.85,59.65,81.08,0,1
20.68363195,18.81771009,-7.378858732,28.92,358,65.83,0,2
20.69793599,18.83072372,-7.383961677,28.94,40.07,51.43,0,2
20.7480001,18.87627143,-7.401821985,29.01,57.95,80.34,0,2
20.78376019,18.9088055,-7.414579348,29.06,50.3,50.91,0,2
20.78376019,18.9088055,-7.414579348,29.06,262.23,59.84,0,2
20.79806422,18.92181914,-7.419682294,29.08,273.44,59.75,0,2
20.86958439,18.98688729,-7.445197019,29.18,50.55,46.14,0,2
21.01262472,19.1170236,-7.496226471,29.38,351.59,70.71,0,2
21.16996908,19.26017354,-7.552358868,29.6,205.91,52.08,0,2
21.19857715,19.2862008,-7.562564759,29.64,19.1,85.61,0,2
21.3487695,19.42284392,-7.616145683,29.85,199.03,89.58,0,2
21.48465781,19.54647341,-7.664623662,30.04,350.37,68.93,0,2
21.52756991,19.5855143,-7.679932498,30.1,353.8,76.72,0,2
21.55617798,19.61154157,-7.690138388,30.14,24.85,28.66,0,2
21.67776226,19.72215743,-7.733513422,30.31,351.96,74.23,0,2
21.74213041,19.78071877,-7.756476676,30.4,358.33,68.5,0,2
21.74928242,19.78722558,-7.759028148,30.41,201.78,63.55,0,2
21.78504251,19.81975966,-7.771785511,30.46,353.48,78.26,0,2
21.84941066,19.878321,-7.794748764,30.55,347.64,72.93,0,2
21.97099494,19.98893686,-7.838123798,30.72,250.84,67.29,0,2
21.97814696,19.99544367,-7.840675271,30.73,350.16,70.73,0,2
22.02105905,20.03448457,-7.855984107,30.79,264.81,41.27,0,2
22.06397115,20.07352546,-7.871292942,30.85,260.32,80.93,0,2
22.2570756,20.24920947,-7.940182702,31.12,349.8,75.94,0,2
22.37150787,20.35331852,-7.981006264,31.28,89.95,79.39,0,2
22.42157198,20.39886623,-7.998866572,31.35,91.44,73.29,0,2
22.428724,20.40537304,-8.001418044,31.36,159.02,23.2,0,2
22.43587602,20.41187986,-8.003969517,31.37,12,60.4,0,2
22.54315627,20.50948209,-8.042241606,31.52,144.39,24.08,0,2
22.73626071,20.6851661,-8.111131366,31.79,196.1,45.77,0,2
22.76486878,20.71119337,-8.121337256,31.83,244.6,44.7,0,2
22.77917281,20.724207,-8.126440201,31.85,242.77,49.7,0,2
22.80062886,20.74372744,-8.134094619,31.88,246.84,51.79,0,2
22.85069298,20.78927515,-8.151954927,31.95,39.74,40.59,0,2
22.85069298,20.78927515,-8.151954927,31.95,248.56,57.02,0,2
22.92936516,20.86085012,-8.180021126,32.06,265.71,39.23,0,2
22.97942928,20.90639783,-8.197881434,32.13,353.34,38.5,0,2
22.98658129,20.91290464,-8.200432906,32.14,268.33,67.84,0,2
23.04379743,20.96495917,-8.220844687,32.22,264.46,47.76,0,2
23.22259784,21.12762955,-8.284631502,32.47,76.57,81.05,0,2
23.26550994,21.16667044,-8.299940337,32.53,268.36,78.09,0,2
23.27266196,21.17317726,-8.30249181,32.54,256.85,67.33,0,2
23.27981397,21.17968407,-8.305043283,32.55,237.85,47.24,0,2
23.29411801,21.1926977,-8.310146228,32.57,230.68,43.11,0,2
23.30842204,21.20571133,-8.315249173,32.59,239.67,44.38,0,2
23.43000632,21.3163272,-8.358624207,32.76,257.69,54.56,0,2
23.45861439,21.34235446,-8.368830097,32.8,347.1,74.23,0,2
23.50152649,21.38139535,-8.384138933,32.86,253.75,56.17,0,-1
23.57304665,21.4464635,-8.409653659,32.96,239.33,50.83,0,2
23.5945027,21.46598395,-8.417308077,32.99,230.2,44.15,0,2
23.62311077,21.49201121,-8.427513967,33.03,247.96,54.09,0,2
23.70178295,21.56358618,-8.455580165,33.14,253.7,53.38,0,2
23.70893497,21.570093,-8.458131638,33.15,245.17,52.24,0,2
23.723239,21.58310663,-8.463234583,33.17,346.86,75.23,0,2
23.73754303,21.59612026,-8.468337528,33.19,256.59,53.67,0,2
23.7661511,21.62214752,-8.478543419,33.23,250.45,52.19,0,2
23.77330312,21.62865433,-8.481094891,33.24,243.3,53.95,0,2
23.8090632,21.66118841,-8.493852254,33.29,230.1,45.38,0,2
23.83767127,21.68721567,-8.504058145,33.33,113.59,89.38,0,2
23.8519753,21.7002293,-8.50916109,33.35,197.09,51.1,0,2
23.85912732,21.70673612,-8.511712562,33.36,252.11,54.47,0,2
23.93064748,21.77180427,-8.537227288,33.46,30.62,48.78,0,2
23.9807116,21.81735198,-8.555087596,33.53,252.3,53.28,0,2
23.99501563,21.83036561,-8.560190542,33.55,246.7,59.96,0,2
24.00216765,21.83687243,-8.562742014,33.56,244.25,60.58,0,2
24.00216765,21.83687243,-8.562742014,33.56,353.42,69.48,0,2
24.04507975,21.87591332,-8.57805085,33.62,18.06,56.03,0,2
24.0665358,21.89543377,-8.585705267,33.65,257.25,55.54,0,2
24.11659991,21.94098147,-8.603565576,33.72,235.34,66.67,0,2
24.13805596,21.96050192,-8.611219993,33.75,248.8,59.06,0,2
24.14520798,21.96700873,-8.613771466,33.76,248.61,57.3,0,2
24.17381605,21.993036,-8.623977356,33.8,252.75,63.13,0,2
24.1952721,22.01255644,-8.631631774,33.83,247.95,57.92,0,2
24.1952721,22.01255644,-8.631631774,33.83,194.16,48.49,0,2
24.29540033,22.10365186,-8.66735239,33.97,252.6,59.43,0,2
24.33116041,22.13618593,-8.680109753,34.02,142.56,57.46,0,2
24.36692049,22.16872001,-8.692867116,34.07,247.07,48.67,0,2
24.45274469,22.2468018,-8.723484787,34.19,250.63,48.36,0,2
24.48135276,22.27282906,-8.733690678,34.23,11.2,61.07,0,2
24.50280881,22.2923495,-8.741345096,34.26,246.91,48.88,0,2
24.56717696,22.35091084,-8.764308349,34.35,226.24,42.73,0,2
24.61724107,22.39645855,-8.782168657,34.42,252.41,53.37,0,2
24.65300116,22.42899263,-8.79492602,34.47,105.69,37.06,0,2
24.65300116,22.42899263,-8.79492602,34.47,246.73,60.77,0,2
24.67445721,22.44851307,-8.802580438,34.5,242.29,47.81,0,2
24.67445721,22.44851307,-8.802580438,34.5,255.34,66.5,0,2
24.71021729,22.48104715,-8.815337801,34.55,251.82,70.4,0,2
24.73882536,22.50707441,-8.825543691,34.59,260.12,70.31,0,2
24.81749754,22.57864938,-8.85360989,34.7,191.39,41.64,0,2
24.83895359,22.59816983,-8.861264307,34.73,205.01,43.34,0,2
24.85325762,22.61118346,-8.866367252,34.75,230.29,58.83,0,2
24.85325762,22.61118346,-8.866367252,34.75,264.84,85.1,0,2
24.88186569,22.63721072,-8.876573143,34.79,250.79,57.02,0,2
24.89616972,22.65022435,-8.881676088,34.81,248.83,60.96,0,2
24.99629795,22.74131977,-8.917396704,34.95,248.43,57.7,0,2
25.00344997,22.74782658,-8.919948177,34.96,256.54,61.2,0,2
25.05351409,22.79337429,-8.937808485,35.03,244.55,50.7,0,2
25.06781812,22.80638792,-8.94291143,35.05,249.34,54.61,0,2
25.1464903,22.87796289,-8.970977629,35.16,243.42,44.97,0,2
25.1894024,22.91700378,-8.986286464,35.22,10.08,52.58,0,2
25.2323145,22.95604467,-9.0015953,35.28,252.98,42.04,0,2
25.28953063,23.0080992,-9.02200708,35.36,245.16,64.64,0,2
25.33244273,23.04714009,-9.037315916,35.42,245.81,60.65,0,2
25.3610508,23.07316735,-9.047521806,35.46,53.43,31.74,0,2
25.38965886,23.09919461,-9.057727697,35.5,249.43,58.04,0,-1
25.4039629,23.11220824,-9.062830642,35.52,15.52,59.84,0,2
25.42541895,23.13172869,-9.07048506,35.55,239.8,52.91,0,2
25.43972298,23.14474232,-9.075588005,35.57,53.72,25.92,0,2
25.47548306,23.1772764,-9.088345368,35.62,51.62,40.67,0,2
25.4897871,23.19029003,-9.093448313,35.64,257.2,61.25,0,2
25.54700323,23.24234455,-9.113860094,35.72,242.86,48.56,0,2
25.59706735,23.28789226,-9.131720402,35.79,100.41,37.11,0,2
25.60421936,23.29439907,-9.134271874,35.8,248.89,53.75,0,2
25.62567541,23.31391952,-9.141926292,35.83,247.08,68.84,0,2
25.63997945,23.32693315,-9.147029237,35.85,245.31,56.67,0,2
25.66858751,23.35296041,-9.157235128,35.89,244.52,56.08,0,2
25.79017179,23.46357627,-9.200610162,36.06,82.46,87.18,0,2
25.81162784,23.48309672,-9.20826458,36.09,10.49,59.09,0,2
25.89745204,23.5611785,-9.238882251,36.21,249.8,58.85,0,2
25.92606011,23.58720577,-9.249088141,36.25,252.27,57.23,0,2
25.94036414,23.6002194,-9.254191086,36.27,252.99,64.29,0,2
25.97612422,23.63275347,-9.266948449,36.32,256.87,73.86,0,2
26.00473229,23.65878073,-9.27715434,36.36,259.8,54.02,0,2
26.06194842,23.71083526,-9.29756612,36.44,253.81,67.45,0,2
26.13346859,23.77590341,-9.323080846,36.54,258.66,68.18,0,2
26.17638069,23.8149443,-9.338389682,36.6,235.88,46.86,0,2
26.20498876,23.84097157,-9.348595572,36.64,227.23,53.63,0,2
26.21214077,23.84747838,-9.351147045,36.65,226.62,63.41,0,2
26.26220489,23.89302609,-9.369007353,36.72,231.73,51.62,0,2
26.2693569,23.8995329,-9.371558825,36.73,24.77,83.09,0,2
26.29081295,23.91905335,-9.379213243,36.76,255.36,67.97,0,2
26.30511699,23.93206698,-9.384316188,36.78,257.94,67.39,0,2
26.31942102,23.94508061,-9.389419134,36.8,251.54,62.69,0,2
26.34802909,23.97110787,-9.399625024,36.84,255.99,68.12,0,2
26.3551811,23.97761469,-9.402176496,36.85,258.13,82.08,0,2
26.36233312,23.9841215,-9.404727969,36.86,196.16,53.82,0,2
26.45530934,24.0687101,-9.437897113,36.99,255.37,84.7,0,2
26.49106942,24.10124418,-9.450654476,37.04,258.16,81.06,0,2
26.49822143,24.107751,-9.453205948,37.05,251.67,56.99,0,2
26.5697416,24.17281915,-9.478720674,37.15,257.09,81.61,0,2
26.62695773,24.22487367,-9.499132455,37.23,248.74,54.54,0,2
26.68417387,24.2769282,-9.519544236,37.31,254.53,61.98,0,2
26.71278193,24.30295546,-9.529750126,37.35,250.7,54.83,0,2
26.74854202,24.33548953,-9.542507489,37.4,261.34,66.68,0,2
26.75569403,24.34199635,-9.545058962,37.41,44.75,37.47,0,2
26.76999807,24.35500998,-9.550161907,37.43,244.77,61.83,0,2
26.79145411,24.37453043,-9.557816325,37.46,252.15,54.55,0,2
26.84151823,24.42007813,-9.575676633,37.53,25.21,45.91,0,2
26.84867025,24.42658495,-9.578228105,37.54,254.48,67.24,0,2
26.87727831,24.45261221,-9.588433996,37.58,34.22,48.48,0,2
26.89873436,24.47213266,-9.596088413,37.61,48.18,44.77,0,2
26.92019041,24.4916531,-9.603742831,37.64,39.15,43.86,0,2
26.94879848,24.51768037,-9.613948722,37.68,244.93,49.82,0,2
26.94879848,24.51768037,-9.613948722,37.68,35.8,51.04,0,2
26.9988626,24.56322807,-9.63180903,37.75,47.29,42.51,0,2
27.00601461,24.56973489,-9.634360502,37.76,254.4,50.32,0,2
27.0417747,24.60226897,-9.647117865,37.81,242.72,80.5,0,2
27.05607873,24.6152826,-9.65222081,37.83,29.85,47.35,0,2
27.09183881,24.64781667,-9.664978173,37.88,277.76,69.65,0,2
27.12759889,24.68035075,-9.677735536,37.93,262.63,66.27,0,2
27.17051099,24.71939164,-9.693044372,37.99,262.5,83.65,0,2
27.18481503,24.73240527,-9.698147317,38.01,81.97,83.3,0,2
27.20627108,24.75192572,-9.705801735,38.04,264.46,55.87,0,2
27.20627108,24.75192572,-9.705801735,38.04,34.47,53.38,0,2
27.24203116,24.7844598,-9.718559098,38.09,247.77,54.73,0,2
27.25633519,24.79747343,-9.723662043,38.11,254.44,55.82,0,2
27.26348721,24.80398024,-9.726213515,38.12,43.12,41.37,0,2
27.27779124,24.81699387,-9.731316461,38.14,249.34,56.34,0,2
27.34215939,24.87555521,-9.754279714,38.23,255.49,74.38,0,2
27.34215939,24.87555521,-9.754279714,38.23,160.42,39.92,0,2
27.39937552,24.92760973,-9.774691495,38.31,59.27,75.28,0,2
27.41367956,24.94062337,-9.77979444,38.33,249.9,46.33,0,2
27.44228762,24.96665063,-9.79000033,38.37,244.49,49.38,0,2
27.48519972,25.00569152,-9.805309166,38.43,260.85,77.74,0,2
27.53526384,25.05123923,-9.823169474,38.5,267.23,57.88,0,2
27.57102392,25.0837733,-9.835926837,38.55,235.66,54.79,0,2
27.58532796,25.09678693,-9.841029782,38.57,31.3,61.71,0,2
27.60678401,25.11630738,-9.8486842,38.6,218.64,56.62,0,1
27.64254409,25.14884146,-9.861441563,38.65,249.27,56.86,0,2
27.67115215,25.17486872,-9.871647453,38.69,34.72,53.05,0,2
27.69976022,25.20089598,-9.881853344,38.73,197.46,54.01,0,1
27.72121627,25.22041643,-9.889507761,38.76,222.76,60.13,0,1
27.74267232,25.23993687,-9.897162179,38.79,159.63,15.24,0,1
27.7784324,25.27247095,-9.909919542,38.84,213.54,63.19,0,2
27.80704047,25.29849821,-9.920125432,38.88,90.38,78.5,0,2
27.81419249,25.30500503,-9.922676905,38.89,253.88,55.72,0,2
27.82849652,25.31801866,-9.92777985,38.91,263.25,78.69,0,2
27.82849652,25.31801866,-9.92777985,38.91,36.39,52.89,0,2
27.87856064,25.36356637,-9.945640158,38.98,255.8,49.5,0,2
27.89286467,25.37658,-9.950743103,39,41.6,46.66,0,2
27.90001668,25.38308681,-9.953294576,39.01,267.55,62.59,0,2
27.92147273,25.40260726,-9.960948994,39.04,29.79,57.04,0,2
27.92147273,25.40260726,-9.960948994,39.04,48.83,46.04,0,2
27.92862475,25.40911407,-9.963500466,39.05,269.49,57.77,0,2
27.95723282,25.43514133,-9.973706357,39.09,267.1,62.16,0,2
27.97153685,25.44815497,-9.978809302,39.11,44.87,54.51,0,2
27.97153685,25.44815497,-9.978809302,39.11,263.37,80.98,0,2
28.035905,25.5067163,-10.00177256,39.2,40.8,48.75,0,2
28.0788171,25.5457572,-10.01708139,39.26,299.55,70.02,0,2
28.18609735,25.64335943,-10.05535348,39.41,285.92,67.06,0,1
28.18609735,25.64335943,-10.05535348,39.41,54.3,82.89,0,1
28.22185743,25.6758935,-10.06811084,39.46,36.57,41.14,0,2
28.23616146,25.68890713,-10.07321379,39.48,247.05,61.98,0,2
28.24331348,25.69541395,-10.07576526,39.49,279.42,63.82,0,2
28.26476953,25.7149344,-10.08341968,39.52,242.12,49.53,0,2
28.2933776,25.74096166,-10.09362557,39.56,260.75,56.1,0,2
28.31483365,25.7604821,-10.10127999,39.59,250.34,56.35,0,-1
28.36489776,25.80602981,-10.11914029,39.66,242.51,53.96,0,2
28.40780986,25.8450707,-10.13444913,39.72,59.46,31.77,0,2
28.4221139,25.85808433,-10.13955208,39.74,266.47,49.98,0,2
28.46502599,25.89712523,-10.15486091,39.8,268.28,59.67,0,2
28.48648204,25.91664567,-10.16251533,39.83,43.71,28.89,0,2
28.54369818,25.9687002,-10.18292711,39.91,105.35,41.73,0,2
28.55800221,25.98171383,-10.18803005,39.93,185.34,57.51,0,1
28.59376229,26.0142479,-10.20078742,39.98,330.39,69.59,0,2
28.60806633,26.02726153,-10.20589036,40,182.81,50.43,0,2
28.67243448,26.08582287,-10.22885362,40.09,252.71,50.48,0,2
28.67958649,26.09232969,-10.23140509,40.1,158.87,66.26,0,2
28.70104254,26.11185013,-10.23905951,40.13,163.23,72.26,0,2
28.82262682,26.222466,-10.28243454,40.3,253.01,81.1,0,2
28.85838691,26.25500007,-10.2951919,40.35,57.85,88.29,0,1
28.94421111,26.33308186,-10.32580957,40.47,14.96,70.9,0,2
28.94421111,26.33308186,-10.32580957,40.47,243.4,54.25,0,2
29.00857926,26.3916432,-10.34877283,40.56,47.96,35.81,0,2
29.08725144,26.46321816,-10.37683903,40.67,257.36,62.37,0,2
29.13016354,26.50225906,-10.39214786,40.73,251.39,45.08,0,2
29.1587716,26.52828632,-10.40235375,40.77,259.08,53.43,0,2
29.17307564,26.54129995,-10.4074567,40.79,302.5,68.58,0,2
29.2016837,26.56732721,-10.41766259,40.83,359.37,61.75,0,2
29.2016837,26.56732721,-10.41766259,40.83,219.23,39.27,0,2
29.20883572,26.57383403,-10.42021406,40.84,299.66,70.32,0,2
29.2445958,26.6063681,-10.43297142,40.89,355.72,64.51,0,2
29.25174782,26.61287492,-10.4355229,40.9,309.81,63.35,0,2
29.28035589,26.63890218,-10.44572879,40.94,267.44,59.59,0,2
29.2875079,26.645409,-10.44828026,40.95,356.29,58.8,0,2
29.34472403,26.69746352,-10.46869204,41.03,248.38,60.19,0,2
29.34472403,26.69746352,-10.46869204,41.03,9.08,54.26,0,2
29.36618008,26.71698396,-10.47634646,41.06,359.15,68.27,0,2
29.40194017,26.74951804,-10.48910382,41.11,241.86,84.16,0,2
29.52352445,26.8601339,-10.53247885,41.28,269.69,56.4,0,2
29.52352445,26.8601339,-10.53247885,41.28,1.6,46.67,0,2
29.53782848,26.87314753,-10.5375818,41.3,84.76,79.6,0,2
29.55928453,26.89266798,-10.54523622,41.33,266.65,52.94,0,2
29.57358857,26.90568161,-10.55033916,41.35,351.15,66.46,0,2
29.60219663,26.93170887,-10.56054505,41.39,252.13,59.65,0,2
29.65941276,26.9837634,-10.58095683,41.47,242.18,79.58,0,2
29.68086881,27.00328384,-10.58861125,41.5,264.95,55.81,0,2
29.69517285,27.01629747,-10.5937142,41.52,268.67,60.61,0,2
29.7166289,27.03581792,-10.60136861,41.55,349.36,65.22,0,2
29.73808495,27.05533836,-10.60902303,41.58,255.16,70.11,0,2
29.759541,27.07485881,-10.61667745,41.61,353.34,59.8,0,2
29.759541,27.07485881,-10.61667745,41.61,347.51,77.55,0,2
29.8024531,27.1138997,-10.63198629,41.67,179.56,28.77,0,2
29.89542931,27.1984883,-10.66515543,41.8,236.15,87.33,0,2
30.03131763,27.3221178,-10.71363341,41.99,257.14,71.53,0,2
30.12429384,27.4067064,-10.74680255,42.12,345.95,72.58,0,2
30.17435796,27.4522541,-10.76466286,42.19,248.8,38.12,0,2
30.19581401,27.47177455,-10.77231728,42.22,253.13,55.49,0,2
30.21011804,27.48478818,-10.77742022,42.24,172.71,44.25,0,2
30.23157409,27.50430863,-10.78507464,42.27,226.9,73.43,0,2
30.24587812,27.51732226,-10.79017759,42.29,233.99,83.17,0,2
30.26733417,27.5368427,-10.797832,42.32,32.41,73.59,0,1
30.27448619,27.54334952,-10.80038348,42.33,53.52,35.29,0,2
30.30309426,27.56937678,-10.81058937,42.37,263.36,51.08,0,2
30.31024627,27.5758836,-10.81314084,42.38,107.79,35.35,0,2
30.33170232,27.59540404,-10.82079526,42.41,256.24,62.17,0,2
30.38891846,27.64745856,-10.84120704,42.49,265.51,62.87,0,2
30.41037451,27.66697901,-10.84886146,42.52,347.7,76.4,0,2
30.41037451,27.66697901,-10.84886146,42.52,89.89,82.21,0,2
30.41752652,27.67348583,-10.85141293,42.53,252.69,50.24,0,2
30.44613459,27.69951309,-10.86161882,42.57,271.77,54.04,0,2
30.5391108,27.78410169,-10.89478796,42.7,262.42,77.36,0,2
30.56771887,27.81012895,-10.90499385,42.74,24.6,43.05,0,2
30.59632694,27.83615621,-10.91519974,42.78,35.76,47.16,0,2
30.59632694,27.83615621,-10.91519974,42.78,273.17,75.86,0,2
30.63923904,27.8751971,-10.93050858,42.84,262.33,64.01,0,2
30.63923904,27.8751971,-10.93050858,42.84,196.74,56.12,0,2
30.63923904,27.8751971,-10.93050858,42.84,249.83,59.17,0,2
30.66069509,27.89471755,-10.938163,42.87,250.69,60.51,0,2
30.68930315,27.92074481,-10.94836889,42.91,248.67,76.3,0,2
30.68930315,27.92074481,-10.94836889,42.91,23.59,44.96,0,2
30.73221525,27.9597857,-10.96367772,42.97,255.22,83.31,0,2
30.73936727,27.96629252,-10.96622919,42.98,348.42,70.13,0,2
30.74651928,27.97279933,-10.96878067,42.99,191.48,49.81,0,2
30.74651928,27.97279933,-10.96878067,42.99,263.39,77.77,0,2
30.7536713,27.97930615,-10.97133214,43,349.39,73.72,0,2
30.76797533,27.99231978,-10.97643508,43.02,196.5,57.26,0,2
30.78943138,28.01184023,-10.9840895,43.05,245.82,66.5,0,2
30.84664752,28.06389475,-11.00450128,43.13,180.41,35.38,0,2
30.87525558,28.08992201,-11.01470717,43.17,201.37,52.98,0,2
30.88955962,28.10293564,-11.01981012,43.19,22.25,45.83,0,2
30.90386365,28.11594927,-11.02491306,43.21,0.34,56.44,0,2
30.93247172,28.14197653,-11.03511895,43.25,190.21,54.74,0,2
30.95392777,28.16149698,-11.04277337,43.28,200.4,39.31,0,2
30.96107978,28.1680038,-11.04532484,43.29,74.05,86.82,0,2
31.00399188,28.20704469,-11.06063368,43.35,248.4,78.93,0,2
31.00399188,28.20704469,-11.06063368,43.35,17.36,65.35,0,2
31.03259995,28.23307195,-11.07083957,43.39,29.97,62.19,0,2
31.06120801,28.25909921,-11.08104546,43.43,35.53,52.48,0,2
31.07551205,28.27211284,-11.08614841,43.45,203.19,37.65,0,2
31.11127213,28.30464692,-11.09890577,43.5,44.26,40.9,0,2
31.11127213,28.30464692,-11.09890577,43.5,261.01,58.08,0,2
31.1398802,28.33067418,-11.10911166,43.54,264.82,63.37,0,2
31.14703221,28.337181,-11.11166313,43.55,186.32,43.16,0,2
31.15418423,28.34368781,-11.1142146,43.56,39,46.71,0,2
31.23285641,28.41526278,-11.1422808,43.67,249.88,68.63,0,2
31.24716045,28.42827641,-11.14738375,43.69,12.38,54.93,0,2
31.25431246,28.43478323,-11.14993522,43.7,253.23,64.16,0,2
31.26146448,28.44129004,-11.15248669,43.71,256.6,60.82,0,2
31.28292053,28.46081049,-11.16014111,43.74,17.13,43.17,0,2
31.32583263,28.49985138,-11.17544995,43.8,6.29,74.88,0,2
31.34728868,28.51937183,-11.18310436,43.83,262.51,53.32,0,2
31.37589674,28.54539909,-11.19331026,43.87,8.59,69.26,0,2
31.41880884,28.58443998,-11.20861909,43.93,250.26,80.87,0,2
31.43311288,28.59745361,-11.21372204,43.95,194.1,41.78,0,2
31.48317699,28.64300132,-11.23158234,44.02,251.85,74.09,0,2
31.49748103,28.65601495,-11.23668529,44.04,14.58,72.07,0,2
31.49748103,28.65601495,-11.23668529,44.04,254.39,78.62,0,2
31.55469716,28.70806947,-11.25709707,44.12,12.72,74.61,0,2
31.59760926,28.74711036,-11.27240591,44.18,25.82,65.06,0,2
31.62621732,28.77313763,-11.2826118,44.22,247.79,55.44,0,2
31.65482539,28.79916489,-11.29281769,44.26,257.68,57.84,0,2
31.67628144,28.81868533,-11.3004721,44.29,33.24,38.5,0,2
31.71919354,28.85772623,-11.31578094,44.35,21.02,46.55,0,2
31.74780161,28.88375349,-11.32598683,44.39,33.48,40.64,0,2
31.76210564,28.89676712,-11.33108978,44.41,197.02,42.73,0,1
31.77640967,28.90978075,-11.33619272,44.43,266.57,68.55,0,2
31.81216976,28.94231483,-11.34895008,44.48,19.07,40.55,0,2
31.8336258,28.96183527,-11.3566045,44.51,203.04,26.84,0,2
31.8765379,29.00087616,-11.37191334,44.57,359.87,52.16,0,2
31.90514597,29.02690343,-11.38211923,44.61,253.09,83.24,0,2
31.98381815,29.0984784,-11.41018543,44.72,349.24,69.12,0,2
32.01957824,29.13101247,-11.42294279,44.77,178.81,28.78,0,2
32.0910984,29.19608063,-11.44845751,44.87,97.73,56.56,0,2
32.11255445,29.21560107,-11.45611193,44.9,0.23,51.32,0,2
32.14831453,29.24813515,-11.46886929,44.95,98.4,46.89,0,2
32.18407462,29.28066923,-11.48162666,45,254.86,65.82,0,1
32.22698672,29.31971012,-11.49693549,45.06,353.12,74.29,0,2
32.22698672,29.31971012,-11.49693549,45.06,216.91,48.83,0,1
32.29850688,29.38477827,-11.52245022,45.16,0.77,67.68,0,2
32.31996293,29.40429872,-11.53010464,45.19,10.29,61.09,0,2
32.34141898,29.42381916,-11.53775905,45.22,342.65,75.95,0,2
32.44154721,29.51491458,-11.57347967,45.36,25.47,60.28,0,2
32.46300326,29.53443503,-11.58113409,45.39,32.1,60.25,0,2
32.49876335,29.5669691,-11.59389145,45.44,23.01,54.02,0,2
32.58458755,29.64505089,-11.62450912,45.56,12.49,58.71,0,2
32.62749965,29.68409178,-11.63981796,45.62,9.19,58.42,0,2
32.67041174,29.72313267,-11.65512679,45.68,252.3,62.13,0,2
32.69901981,29.74915993,-11.66533268,45.72,345.08,79.32,0,2
32.70617183,29.75566675,-11.66788416,45.73,255.47,74.91,0,2
32.73477989,29.78169401,-11.67809005,45.77,248.03,69.69,0,2
32.84206014,29.87929624,-11.71636214,45.92,247.34,60.21,0,2
32.84921216,29.88580306,-11.71891361,45.93,248.48,62.44,0,2
32.89212426,29.92484395,-11.73422244,45.99,255.34,49.73,0,2
32.94218837,29.97039166,-11.75208275,46.06,260.6,55.87,0,2
32.97794846,30.00292573,-11.76484012,46.11,247.28,70.3,0,2
32.99225249,30.01593936,-11.76994306,46.13,256.08,70.1,0,2
33.00655652,30.028953,-11.77504601,46.15,92.88,51.44,0,2
33.03516459,30.05498026,-11.7852519,46.19,220.77,43.29,0,2
33.06377266,30.08100752,-11.79545779,46.23,23.5,39.01,0,2
33.18535694,30.19162338,-11.83883282,46.4,246.75,62.54,0,2
33.22826904,30.23066427,-11.85414166,46.46,244.29,58.47,0,2
33.26402912,30.26319835,-11.86689902,46.51,246.65,66.28,0,2
33.28548517,30.28271879,-11.87455344,46.54,243.45,65.73,0,2
33.32839727,30.32175969,-11.88986227,46.6,251.52,52.33,0,2
33.33554929,30.3282665,-11.89241374,46.61,35.09,36.03,0,2
33.37846139,30.36730739,-11.90772258,46.67,248.99,53.34,0,2
33.43567752,30.41936192,-11.92813436,46.75,225.99,79.8,0,2
33.47858962,30.45840281,-11.9434432,46.81,239.72,70.11,0,2
33.50004567,30.47792326,-11.95109761,46.84,245.53,72.93,0,2
33.53580575,30.51045733,-11.96385498,46.89,246.94,63.21,0,2
33.59302188,30.56251186,-11.98426676,46.97,244.4,55.47,0,2
33.60732592,30.57552549,-11.9893697,46.99,221.7,63.25,0,2
33.70030213,30.66011409,-12.02253885,47.12,257.8,81.66,0,2
33.70030213,30.66011409,-12.02253885,47.12,229.27,85.79,0,2
33.73606222,30.69264816,-12.03529621,47.17,246.51,59.02,0,2
33.78612633,30.73819587,-12.05315652,47.24,256.5,80.34,0,2
33.9005586,30.84230492,-12.09398008,47.4,250.75,70.38,0,2
33.91486263,30.85531855,-12.09908302,47.42,256.96,62.49,0,2
33.92916666,30.86833218,-12.10418597,47.44,235.3,38.54,0,2
34.01499086,30.94641396,-12.13480364,47.56,252.6,58.14,0,2
34.03644691,30.96593441,-12.14245806,47.59,255.15,64,0,2
34.03644691,30.96593441,-12.14245806,47.59,16.54,60.17,0,2
34.06505498,30.99196167,-12.15266395,47.63,18.14,63.13,0,2
34.24385539,31.15463206,-12.21645076,47.88,346.74,82.98,0,2
34.25815943,31.16764569,-12.22155371,47.9,347.92,71.07,0,2
34.31537556,31.21970021,-12.24196549,47.98,47.15,39.72,0,2
34.32967959,31.23271384,-12.24706844,48,352.1,68.99,0,2
34.40119976,31.29778199,-12.27258316,48.1,249.61,55.59,0,2
34.48702396,31.37586378,-12.30320083,48.22,262.72,52.38,0,2
34.51563202,31.40189104,-12.31340672,48.26,237.79,70.97,0,2
34.52993606,31.41490467,-12.31850967,48.28,348.64,67.75,0,2
34.54424009,31.4279183,-12.32361261,48.3,31.52,85.89,0,2
34.55139211,31.43442512,-12.32616409,48.31,246.32,59.09,0,2
34.61576026,31.49298646,-12.34912734,48.4,260.69,78,0,2
34.6372163,31.5125069,-12.35678176,48.43,240.78,55.49,0,2
34.66582437,31.53853416,-12.36698765,48.47,265.67,77.73,0,2
34.6801284,31.55154779,-12.37209059,48.49,32.49,40.56,0,2
34.6801284,31.55154779,-12.37209059,48.49,259.74,72.43,0,2
34.69443244,31.56456143,-12.37719354,48.51,260.16,72.21,0,2
34.73019252,31.5970955,-12.3899509,48.56,352.52,70.51,0,2
34.77310462,31.63613639,-12.40525974,48.62,250.25,64.72,0,2
34.78025664,31.64264321,-12.40781121,48.63,28.8,40.87,0,2
34.80171269,31.66216366,-12.41546563,48.66,253.84,74.42,0,2
34.8088647,31.66867047,-12.4180171,48.67,252.87,70.88,0,2
34.81601672,31.67517729,-12.42056857,48.68,36.61,39.69,0,2
34.82316874,31.6816841,-12.42312004,48.69,249.82,59.55,0,2
34.8517768,31.70771136,-12.43332593,48.73,248.92,59.74,0,2
34.90184092,31.75325907,-12.45118624,48.8,259.61,64.32,0,2
34.95190503,31.79880678,-12.46904655,48.87,260.38,76.42,0,2
34.97336108,31.81832723,-12.47670097,48.9,29.69,45.88,0,2
34.98766512,31.83134086,-12.48180391,48.92,254.47,81.87,0,2
35.0234252,31.86387493,-12.49456128,48.97,5.47,46.26,0,2
35.03057722,31.87038175,-12.49711275,48.98,261.2,83.38,0,2
35.05918528,31.89640901,-12.50731864,49.02,255.2,57.72,0,2
35.07348932,31.90942264,-12.51242158,49.04,244.06,53.39,0,2
35.10209738,31.9354499,-12.52262747,49.08,233.57,61.47,0,2
35.11640142,31.94846353,-12.52773042,49.1,257.68,65.28,0,2
35.15931352,31.98750443,-12.54303926,49.16,259.22,78.52,0,2
35.18792158,32.01353169,-12.55324515,49.2,249.5,58.49,0,2
35.20222561,32.02654532,-12.55834809,49.22,249.31,53.89,0,2
35.25228973,32.07209303,-12.5762084,49.29,347.51,71.24,0,2
35.2808978,32.09812029,-12.58641429,49.33,254.95,74.38,0,2
35.29520183,32.11113392,-12.59151723,49.35,249.88,76.8,0,2
35.3238099,32.13716118,-12.60172313,49.39,250.58,72.05,0,2
35.35956998,32.16969526,-12.61448049,49.44,244.88,61.39,0,2
35.40248208,32.20873615,-12.62978932,49.5,249.7,61.26,0,2
35.42393813,32.22825659,-12.63744374,49.53,243.98,65.81,0,2
35.44539418,32.24777704,-12.64509816,49.56,27.94,53.8,0,2
35.50261031,32.29983156,-12.66550994,49.64,264.46,51.66,0,2
35.53121838,32.32585883,-12.67571583,49.68,91.16,53.3,0,2
35.58843451,32.37791335,-12.69612761,49.76,354.5,60.48,0,2
35.58843451,32.37791335,-12.69612761,49.76,219.66,60.56,0,2
35.60273854,32.39092698,-12.70123056,49.78,105.39,52.53,0,2
35.61704258,32.40394061,-12.7063335,49.8,259.03,76.34,0,2
35.64565064,32.42996787,-12.71653939,49.84,246.66,64.21,0,2
35.66710669,32.44948832,-12.72419381,49.87,253.76,61.67,0,2
35.68141073,32.46250195,-12.72929675,49.89,247.81,60.7,0,2
35.68141073,32.46250195,-12.72929675,49.89,99.29,47.73,0,2
35.68141073,32.46250195,-12.72929675,49.89,88.44,46.7,0,2
35.71717081,32.49503603,-12.74205412,49.94,102.85,47.51,0,2
35.72432283,32.50154284,-12.74460559,49.95,43.59,40.81,0,2
35.83160307,32.59914507,-12.78287768,50.1,93.91,55.92,0,2
35.83875509,32.60565189,-12.78542915,50.11,262.62,61.22,0,2
35.86736316,32.63167915,-12.79563504,50.15,244.75,56.5,0,2
35.87451517,32.63818596,-12.79818651,50.16,349.54,72.96,0,2
35.89597122,32.65770641,-12.80584093,50.19,92.34,69.76,0,2
35.91027526,32.67072004,-12.81094388,50.21,241.02,50.14,0,2
35.93888332,32.6967473,-12.82114977,50.25,10.5,60.63,0,2
35.93888332,32.6967473,-12.82114977,50.25,260.36,56.92,0,2
35.96033937,32.71626775,-12.82880419,50.28,252.28,57.62,0,2
35.97464341,32.72928138,-12.83390713,50.3,244.56,63,0,2
35.98179542,32.73578819,-12.8364586,50.31,93.72,48.91,0,2
36.02470752,32.77482909,-12.85176744,50.37,259.06,69.21,0,2
36.07477164,32.82037679,-12.86962775,50.44,240.94,59.62,0,2
36.09622769,32.83989724,-12.87728216,50.47,243.41,59.53,0,2
36.15344382,32.89195176,-12.89769395,50.55,242.86,57.12,0,2
36.16774785,32.90496539,-12.90279689,50.57,246.73,55.46,0,2
36.1892039,32.92448584,-12.91045131,50.6,244.75,54,0,2
36.23926802,32.97003355,-12.92831162,50.67,359.02,52.57,0,2
36.28218012,33.00907444,-12.94362045,50.73,19.49,46.64,0,2
36.30363617,33.02859489,-12.95127487,50.76,178.98,36.76,0,2
36.3179402,33.04160852,-12.95637782,50.78,23.4,41.59,0,2
36.33939625,33.06112896,-12.96403223,50.81,250.86,63.24,0,2
36.38946037,33.10667667,-12.98189254,50.88,253.69,54.9,0,2
36.42522045,33.13921075,-12.9946499,50.93,352.68,64.74,0,2
36.4466765,33.15873119,-13.00230432,50.96,97.9,39.2,0,2
36.50389263,33.21078572,-13.0227161,51.04,16.58,43.04,0,2
36.51104465,33.21729253,-13.02526758,51.05,347.71,52.85,0,2
36.55395675,33.25633343,-13.04057641,51.11,218.31,69.86,0,2
36.63978095,33.33441521,-13.07119408,51.23,108.35,54.44,0,2
36.65408498,33.34742884,-13.07629703,51.25,253.5,69.77,0,2
36.67554103,33.36694929,-13.08395144,51.28,111.11,47.68,0,2
36.69699708,33.38646973,-13.09160586,51.31,355.93,54.12,0,2
36.71130111,33.39948336,-13.09670881,51.33,257.35,67.29,0,2
36.75421321,33.43852426,-13.11201764,51.39,79.17,53.61,0,2
36.77566926,33.4580447,-13.11967206,51.42,261.89,70.27,0,2
36.79712531,33.47756515,-13.12732648,51.45,271.64,69.61,0,2
36.81858136,33.49708559,-13.1349809,51.48,263.92,65.08,0,2
36.8328854,33.51009923,-13.14008384,51.5,46.86,42.49,0,2
36.86864548,33.5426333,-13.1528412,51.55,92.5,37.12,0,2
36.92586161,33.59468783,-13.17325299,51.63,102.2,52.02,0,2
36.98307774,33.64674235,-13.19366477,51.71,105.39,53.28,0,2
37.01883783,33.67927643,-13.20642213,51.76,105.96,59.71,0,2
37.14042211,33.78989229,-13.24979716,51.93,108.51,55.4,0,2
37.18333421,33.82893318,-13.265106,51.99,180.7,47.69,0,2
37.19048622,33.83543999,-13.26765747,52,219.17,58,0,2
37.24055034,33.8809877,-13.28551778,52.07,107.76,62.43,0,2
37.24770236,33.88749452,-13.28806925,52.08,257.67,70.51,0,2
37.29776647,33.93304223,-13.30592956,52.15,106.94,58.88,0,2
37.37643866,34.00461719,-13.33399576,52.26,16.33,52.5,0,2
37.41219874,34.03715127,-13.34675312,52.31,206.2,60,0,2
37.42650277,34.0501649,-13.35185607,52.33,210.6,61.08,0,2
37.4408068,34.06317853,-13.35695901,52.35,3.8,52.76,0,2
37.44795882,34.06968535,-13.35951048,52.36,265.04,72.22,0,2
37.46941487,34.08920579,-13.3671649,52.39,199.16,58.82,0,2
37.47656689,34.09571261,-13.36971637,52.4,253.4,78.03,0,2
37.47656689,34.09571261,-13.36971637,52.4,197.81,57.46,0,2
37.50517495,34.12173987,-13.37992227,52.44,192.7,54.95,0,2
37.50517495,34.12173987,-13.37992227,52.44,260.55,48.84,0,2
37.53378302,34.14776713,-13.39012816,52.48,195.95,55.46,0,2
37.54093504,34.15427395,-13.39267963,52.49,257.1,56.65,0,2
37.5695431,34.18030121,-13.40288552,52.53,259.97,56.76,0,2
37.5695431,34.18030121,-13.40288552,52.53,3.37,54.84,0,2
37.6124552,34.2193421,-13.41819435,52.59,265.46,73,0,2
37.63391125,34.23886255,-13.42584877,52.62,356.8,61.29,0,2
37.63391125,34.23886255,-13.42584877,52.62,243.5,72.12,0,2
37.64821529,34.25187618,-13.43095172,52.64,244.27,73.31,0,2
37.64821529,34.25187618,-13.43095172,52.64,192.51,55.17,0,2
37.6553673,34.25838299,-13.43350319,52.65,2.28,51.67,0,2
37.66251932,34.26488981,-13.43605466,52.66,192.79,52.09,0,2
37.66251932,34.26488981,-13.43605466,52.66,240.07,67.43,0,2
37.67682335,34.27790344,-13.44115761,52.68,190.16,49.47,0,2
37.68397537,34.28441026,-13.44370908,52.69,242.59,71.34,0,2
37.69112739,34.29091707,-13.44626055,52.7,258.22,60.32,0,2
37.70543142,34.3039307,-13.4513635,52.72,260.51,56.01,0,2
37.72688747,34.32345115,-13.45901792,52.75,29.43,40.59,0,2
37.73403948,34.32995796,-13.46156939,52.76,255.36,73.64,0,2
37.77695158,34.36899886,-13.47687822,52.82,248.87,72.29,0,2
37.77695158,34.36899886,-13.47687822,52.82,196.12,55.21,0,2
37.79125562,34.38201249,-13.48198117,52.84,355.56,63.04,0,2
37.8270157,34.41454656,-13.49473853,52.89,253.53,65.29,0,2
37.84847175,34.43406701,-13.50239295,52.92,210.41,58.17,0,2
37.85562377,34.44057383,-13.50494442,52.93,253.47,66.51,0,2
37.8699278,34.45358746,-13.51004737,52.95,203.89,52.42,0,2
37.87707982,34.46009427,-13.51259884,52.96,35.54,42.66,0,2
37.89138385,34.4731079,-13.51770179,52.98,17.51,45.97,0,2
37.90568788,34.48612153,-13.52280473,53,235.35,67.71,0,2
37.93429595,34.51214879,-13.53301062,53.04,2.28,52.51,0,2
37.97005603,34.54468287,-13.54576798,53.09,277.69,81.13,0,2
38.00581611,34.57721695,-13.55852535,53.14,288.26,78.1,0,2
38.02727216,34.59673739,-13.56617976,53.17,355.35,71.86,0,2
38.0415762,34.60975103,-13.57128271,53.19,94.91,79.88,0,2
38.04872821,34.61625784,-13.57383418,53.2,260.27,71.33,0,2
38.04872821,34.61625784,-13.57383418,53.2,189.96,51.78,0,2
38.10594435,34.66831236,-13.59424596,53.28,27.81,42.76,0,2
38.14885645,34.70735326,-13.6095548,53.34,251.1,61.58,0,2
38.2132246,34.76591459,-13.63251805,53.43,259.63,59.32,0,2
38.28474476,34.83098275,-13.65803278,53.53,96.02,85.03,0,2
38.29904879,34.84399638,-13.66313572,53.55,353.6,63.54,0,2
38.34911291,34.88954409,-13.68099603,53.62,258.33,59.74,0,2
38.34911291,34.88954409,-13.68099603,53.62,86.03,48.19,0,2
38.36341694,34.90255772,-13.68609898,53.64,200.93,49.96,0,2
38.37772098,34.91557135,-13.69120192,53.66,249.62,75,0,2
38.38487299,34.92207816,-13.69375339,53.67,252.69,73.99,0,2
38.39202501,34.92858498,-13.69630487,53.68,206.14,51.22,0,2
38.39917703,34.93509179,-13.69885634,53.69,344.58,53.68,0,2
38.40632904,34.94159861,-13.70140781,53.7,260.76,68.66,0,2
38.50645728,35.03269402,-13.73712843,53.84,346.82,53.95,0,2
38.52791333,35.05221447,-13.74478285,53.87,260.79,60.38,0,2
38.57797744,35.09776218,-13.76264315,53.94,264.15,64.24,0,2
38.59943349,35.11728262,-13.77029757,53.97,356.35,54.36,0,2
38.62804156,35.14330989,-13.78050346,54.01,350.21,58.18,0,2
38.62804156,35.14330989,-13.78050346,54.01,262.33,77.54,0,2
38.66380164,35.17584396,-13.79326082,54.06,349.38,66.54,0,2
38.69956172,35.20837804,-13.80601819,54.11,354.7,56.23,0,2
38.73532181,35.24091212,-13.81877555,54.16,355.87,54.91,0,2
38.77108189,35.27344619,-13.83153291,54.21,355.95,55.73,0,2
38.79968996,35.29947346,-13.8417388,54.25,243.65,58.69,0,2
38.82829802,35.32550072,-13.85194469,54.29,343.91,58.17,0,2
38.85690609,35.35152798,-13.86215058,54.33,111.19,56.99,0,2
38.92127424,35.41008932,-13.88511384,54.42,352.08,73.06,0,2
38.9498823,35.43611658,-13.89531973,54.46,348.21,70.63,0,2
39.05001054,35.52721199,-13.93104034,54.6,22.16,62.61,0,2
39.1644428,35.63132104,-13.97186391,54.76,354.84,52.66,0,2
39.19305087,35.6573483,-13.9820698,54.8,98.94,47.08,0,2
39.32893918,35.78097779,-14.03054778,54.99,345.68,72.57,0,2
39.37185128,35.82001869,-14.04585661,55.05,347.81,67.03,0,2
39.43621943,35.87858002,-14.06881986,55.14,355.09,65.1,0,2
39.45052346,35.89159366,-14.07392281,55.16,159.21,41.84,0,2
39.57925976,36.00871633,-14.11984932,55.34,201.35,67.82,0,2
39.75090816,36.1648799,-14.18108466,55.58,346.51,76.87,0,2
39.79382026,36.20392079,-14.19639349,55.64,213.66,63.91,0,2
39.79382026,36.20392079,-14.19639349,55.64,348.99,71.04,0,2
39.81527631,36.22344124,-14.20404791,55.67,132.1,39.06,0,2
40.04414084,36.43165933,-14.28569503,55.99,353.02,61.96,0,2
40.08705294,36.47070022,-14.30100387,56.05,232.56,50.98,0,2
40.10135697,36.48371386,-14.30610682,56.07,350.28,72.25,0,2
40.26585335,36.63337061,-14.36479069,56.3,352.31,66.86,0,2
40.42319772,36.77652055,-14.42092308,56.52,347.96,69.89,0,2
40.51617393,36.86110915,-14.45409223,56.65,10.76,52.97,0,2
40.59484612,36.93268412,-14.48215842,56.76,234.4,66.72,0,2
40.63775822,36.97172501,-14.49746726,56.82,341.28,66.82,0,1
40.7164304,37.04329998,-14.52553346,56.93,31.25,58.28,0,2
40.8022546,37.12138176,-14.55615113,57.05,255.22,64.43,0,2
40.89523081,37.20597036,-14.58932027,57.18,208.95,85.11,0,2
41.0597272,37.35562712,-14.64800414,57.41,346.59,69.83,0,2
41.20276753,37.48576342,-14.69903359,57.61,258.36,63.37,0,1
41.23137559,37.51179069,-14.70923949,57.65,72.86,54.52,0,2
41.59612844,37.84363827,-14.83936459,58.16,192.79,63.19,0,2
41.62473651,37.86966553,-14.84957048,58.2,195.71,63.02,0,2
41.76062482,37.99329502,-14.89804846,58.39,6.65,51.19,0,2
41.84644902,38.07137681,-14.92866613,58.51,217.19,45.8,0,2
41.86075305,38.08439044,-14.93376907,58.53,343.38,54.05,0,2
41.86790507,38.09089726,-14.93632055,58.54,208.31,42.36,0,2
42.07531355,38.2795949,-15.01031325,58.83,0.08,45.09,0,2
42.08246557,38.28610172,-15.01286472,58.84,351.01,81.12,0,2
42.11107363,38.31212898,-15.02307061,58.88,263.33,46.09,0,2
42.1396817,38.33815624,-15.0332765,58.92,349.45,62.77,0,2
42.14683372,38.34466306,-15.03582798,58.93,12.91,87.97,0,2
42.1825938,38.37719713,-15.04858534,58.98,227.78,64.66,0,2
42.24696195,38.43575847,-15.07154859,59.07,37.75,76.75,0,2
42.27557001,38.46178573,-15.08175448,59.11,20.4,79.52,19.03,1
42.44721841,38.6179493,-15.14298983,59.35,150.41,64.6,0,1
42.69038698,38.83918102,-15.22973989,59.69,205.35,59.18,0,2
42.71184303,38.85870147,-15.23739431,59.72,349.71,62.34,0,2
42.75475512,38.89774236,-15.25270315,59.78,112.85,65.92,0,2
42.91209949,39.0408923,-15.30883554,60,225.69,69.15,0,2
42.96216361,39.08644001,-15.32669585,60.07,246.87,66.28,0,2
42.96216361,39.08644001,-15.32669585,60.07,216.87,58.4,0,2
43.03368377,39.15150816,-15.35221058,60.17,262.32,60.77,0,2
43.133812,39.24260358,-15.38793119,60.31,252.58,59.59,0,2
43.15526805,39.26212402,-15.39558561,60.34,253.25,75.48,0,2
43.1767241,39.28164447,-15.40324003,60.37,356.89,49.31,0,2
43.20533217,39.30767173,-15.41344592,60.41,64,32.49,0,2
43.22678822,39.32719218,-15.42110034,60.44,180.86,45.46,0,1
43.31976443,39.41178078,-15.45426948,60.57,181.35,34.5,0,2
43.35552452,39.44431485,-15.46702684,60.62,170.35,45.25,0,2
43.3912846,39.47684893,-15.47978421,60.67,255.52,66.49,0,2
43.41274065,39.49636938,-15.48743863,60.7,247.34,62.69,0,2
43.45565275,39.53541027,-15.50274746,60.76,252.1,66.61,0,-1
43.48426082,39.56143753,-15.51295335,60.8,30.04,60.67,0,2
43.54862897,39.61999887,-15.5359166,60.89,1.38,51.32,0,2
43.58438905,39.65253295,-15.54867397,60.94,22.49,76.35,0,2
43.62014913,39.68506702,-15.56143133,60.99,246.67,58.05,0,2
43.65590921,39.7176011,-15.57418869,61.04,224.68,63.93,0,2
43.66306123,39.72410792,-15.57674017,61.05,236.46,63.52,0,2
43.72027736,39.77616244,-15.59715195,61.13,229.58,60.57,0,2
43.74173341,39.79568289,-15.60480636,61.16,247.27,49.64,0,2
43.76318946,39.81520333,-15.61246078,61.19,251.71,60,0,2
43.79179753,39.84123059,-15.62266667,61.23,30.33,35.53,0,2
43.79894955,39.84773741,-15.62521815,61.24,218.57,83.81,0,2
43.87046971,39.91280556,-15.65073287,61.34,236.93,77.09,0,1
43.90622979,39.94533964,-15.66349023,61.39,34.52,79.84,0,2
43.94198988,39.97787372,-15.6762476,61.44,33.62,84.79,0,2
43.99920601,40.02992824,-15.69665938,61.52,346.02,47.61,0,2
44.03496609,40.06246232,-15.70941674,61.57,231.91,76.08,0,2
44.10648626,40.12753047,-15.73493147,61.67,209.16,89.04,0,2
44.31389474,40.31622812,-15.80892417,61.96,197.15,72.22,0,2
44.53560725,40.51793939,-15.88801982,62.27,149.75,35.39,0,2
44.57851935,40.55698029,-15.90332866,62.33,211.96,77.14,0,2
44.71440767,40.68060978,-15.95180664,62.52,14.83,58.17,0,2
44.72155968,40.68711659,-15.95435811,62.53,189.55,35.14,0,2
45.16498471,41.09053915,-16.11254941,63.15,350.35,58.19,0,2
45.27226496,41.18814138,-16.1508215,63.3,200.57,41.41,0,2
45.30802504,41.22067545,-16.16357886,63.35,226.86,25.29,0,2
45.34378513,41.25320953,-16.17633622,63.4,173.51,46.03,0,2
45.35808916,41.26622316,-16.18143917,63.42,259.41,48.13,0,2
45.42960933,41.33129132,-16.2069539,63.52,220.96,64.07,0,2
45.45821739,41.35731858,-16.21715979,63.56,242.41,43.01,0,2
45.47967344,41.37683902,-16.2248142,63.59,252.14,67.3,0,2
45.48682546,41.38334584,-16.22736568,63.6,221.84,56.43,0,2
45.50112949,41.39635947,-16.23246862,63.62,226.72,55.3,0,2
45.52258554,41.41587992,-16.24012304,63.65,349.53,55.25,0,2
45.55119361,41.44190718,-16.25032893,63.69,255.1,61.73,0,2
45.55834562,41.44841399,-16.2528804,63.7,248.5,50.03,0,2
45.57980167,41.46793444,-16.26053482,63.73,239,46.59,0,2
45.57980167,41.46793444,-16.26053482,63.73,348.35,64.24,0,2
45.67277789,41.55252304,-16.29370396,63.86,352.66,50.31,0,2
45.67992991,41.55902985,-16.29625544,63.87,2.61,50.23,0,2
45.78005814,41.65012527,-16.33197605,64.01,296.4,79.54,0,2
45.86588234,41.72820705,-16.36259372,64.13,205.7,56.57,0,2
45.93025049,41.78676839,-16.38555698,64.22,0.08,59.44,0,2
45.93025049,41.78676839,-16.38555698,64.22,252.98,49.89,0,2
45.9374025,41.79327521,-16.38810845,64.23,89.64,40.52,0,2
45.95885855,41.81279565,-16.39576287,64.26,249.12,63.62,0,2
46.03753074,41.88437062,-16.42382907,64.37,250.3,68.69,0,2
46.05183477,41.89738425,-16.42893201,64.39,355.59,69.28,0,2
46.09474687,41.93642515,-16.44424085,64.45,358.07,57.67,0,2
46.16626703,42.0014933,-16.46975557,64.55,351.5,55.02,0,2
46.1948751,42.02752056,-16.47996146,64.59,357.7,56.77,0,2
46.2377872,42.06656145,-16.4952703,64.65,233.44,50.53,0,2
46.24493922,42.07306827,-16.49782177,64.66,0.06,62.18,0,2
46.30930737,42.13162961,-16.52078502,64.75,260.03,52.53,0,2
46.34506745,42.16416369,-16.53354239,64.8,33.41,37.85,0,2
46.42373963,42.23573865,-16.56160859,64.91,19.38,29.44,0,2
46.43089165,42.24224547,-16.56416006,64.92,229.36,49.51,0,2
46.47380375,42.28128636,-16.57946889,64.98,258.66,58.63,0,2
46.50241181,42.30731362,-16.58967478,65.02,232.21,52.8,0,2
46.51671585,42.32032725,-16.59477773,65.04,21.02,60,0,2
46.55962795,42.35936815,-16.61008657,65.1,249.2,51.3,0,2
46.581084,42.37888859,-16.61774098,65.13,245.27,50.51,0,2
46.64545215,42.43744993,-16.64070424,65.22,29.72,58.01,0,2
46.6669082,42.45697038,-16.64835865,65.25,30.34,52.98,0,2
46.70266828,42.48950445,-16.66111602,65.3,35.33,58.44,0,2
46.71697231,42.50251809,-16.66621896,65.32,1.38,56.75,0,2
46.71697231,42.50251809,-16.66621896,65.32,231.52,58.42,0,2
46.76703643,42.54806579,-16.68407927,65.39,246.99,63.3,0,2
46.84570861,42.61964076,-16.71214547,65.5,240.86,59.88,0,2
46.86716466,42.63916121,-16.71979989,65.53,241.14,57.61,0,2
46.87431668,42.64566802,-16.72235136,65.54,250.09,46.35,0,2
46.91007676,42.6782021,-16.73510872,65.59,243.06,66.08,0,2
46.92438079,42.69121573,-16.74021167,65.61,220.03,57.22,0,2
46.93153281,42.69772255,-16.74276314,65.62,343.91,57.89,0,2
47.00305297,42.7627907,-16.76827787,65.72,253.09,61.91,0,2
47.00305297,42.7627907,-16.76827787,65.72,357.59,54.27,0,2
47.01735701,42.77580433,-16.77338081,65.74,240.52,56.84,0,2
47.06742112,42.82135204,-16.79124112,65.81,242.66,86.72,0,2
47.08172516,42.83436567,-16.79634406,65.83,251.97,68.79,0,2
47.11748524,42.86689975,-16.80910143,65.88,245.35,54.89,0,2
47.22476549,42.96450198,-16.84737352,66.03,62.76,42.13,0,2
47.25337355,42.99052924,-16.85757941,66.07,252.05,51.12,0,2
47.33204574,43.06210421,-16.8856456,66.18,245.17,58.72,0,2
47.38926187,43.11415873,-16.90605739,66.26,2.07,70.32,0,2
47.46078204,43.17922689,-16.93157211,66.36,254.66,55.14,0,2
47.56091027,43.2703223,-16.96729273,66.5,248.51,64.34,0,2
47.58951833,43.29634956,-16.97749862,66.54,256.3,74.76,0,2
47.60382237,43.30936319,-16.98260156,66.56,7.12,62.46,0,2
47.65388648,43.3549109,-17.00046187,66.63,210.31,48.83,0,2
47.71110262,43.40696542,-17.02087365,66.71,259.19,55.99,0,2
47.77547077,43.46552676,-17.04383691,66.8,251.66,68.85,0,2
47.80407883,43.49155402,-17.0540428,66.84,261.89,70.22,0,2
47.92566311,43.60216989,-17.09741783,67.01,195.94,59.86,0,2
47.95427118,43.62819715,-17.10762372,67.05,49.05,45.52,0,2
47.9614232,43.63470396,-17.11017519,67.06,254.71,58.52,0,2
48.21174378,43.8624425,-17.19947673,67.41,29.99,37.08,0,2
48.23319983,43.88196295,-17.20713115,67.44,58.8,36.63,0,2
48.26895991,43.91449702,-17.21988851,67.49,35.57,34.08,0,2
48.38339217,44.01860607,-17.26071208,67.65,252.83,73.18,0,2
48.39054419,44.02511288,-17.26326355,67.66,354.43,59.91,0,2
48.41200024,44.04463333,-17.27091797,67.69,235.41,60.62,0,2
48.42630427,44.05764696,-17.27602091,67.71,238.92,61.75,0,2
48.44060831,44.07066059,-17.28112386,67.73,224.64,59.8,0,2
48.46206436,44.09018104,-17.28877827,67.76,197.04,57.15,0,2
48.49067242,44.1162083,-17.29898416,67.8,247.39,60.01,0,2
48.50497646,44.12922193,-17.30408711,67.82,232.79,52.58,0,2
48.52643251,44.14874238,-17.31174153,67.85,240.42,59.93,0,2
48.54073654,44.16175601,-17.31684447,67.87,233.06,60.4,0,2
48.56219259,44.18127645,-17.32449889,67.9,248.92,63.24,0,2
48.61940872,44.23333098,-17.34491067,67.98,261.91,73.85,0,2
48.66232082,44.27237187,-17.36021951,68.04,251.16,57.19,0,2
48.68377687,44.29189232,-17.36787392,68.07,255.08,62.49,0,2
48.69092889,44.29839913,-17.3704254,68.08,237.56,64.02,0,2
48.6980809,44.30490595,-17.37297687,68.09,353,57,0,2
48.71953695,44.32442639,-17.38063129,68.12,259.28,67.74,0,2
48.72668897,44.33093321,-17.38318276,68.13,219.25,57.56,0,2
48.73384099,44.33744002,-17.38573423,68.14,48.7,42.29,0,2
48.76244905,44.36346728,-17.39594012,68.18,260.7,50.99,0,2
48.80536115,44.40250818,-17.41124896,68.24,255.43,55.19,0,2
48.81966519,44.41552181,-17.4163519,68.26,253.55,70.76,0,2
48.8697293,44.46106952,-17.43421221,68.33,252,57.86,0,2
48.9126414,44.50011041,-17.44952105,68.39,259.58,55.16,0,2
48.94840148,44.53264448,-17.46227841,68.44,252.91,60.51,0,2
48.9555535,44.5391513,-17.46482988,68.45,183.07,42.83,0,2
48.9555535,44.5391513,-17.46482988,68.45,245.26,74.23,0,2
48.9984656,44.57819219,-17.48013872,68.51,251.42,82.66,0,2
49.07713778,44.64976716,-17.50820492,68.62,253.95,66.73,0,2
49.0842898,44.65627398,-17.51075639,68.63,216.64,55.2,0,2
49.0842898,44.65627398,-17.51075639,68.63,250.04,64.71,0,2
49.12004988,44.68880805,-17.52351375,68.68,34.55,45.91,0,2
49.16296198,44.72784895,-17.53882259,68.74,252.95,63.88,0,2
49.17726602,44.74086258,-17.54392553,68.76,250.03,60.88,0,2
49.19157005,44.75387621,-17.54902848,68.78,253.28,60.48,0,2
49.27024223,44.82545118,-17.57709468,68.89,254.53,57.29,0,2
49.36321845,44.91003978,-17.61026382,69.02,249.19,58.38,0,2
49.37037046,44.91654659,-17.61281529,69.03,6.79,46.12,0,2
49.3846745,44.92956022,-17.61791824,69.05,260.39,80.19,0,2
49.39897853,44.94257385,-17.62302118,69.07,248.25,60.84,0,2
49.41328256,44.95558748,-17.62812413,69.09,75.77,74.68,0,2
49.4704987,45.00764201,-17.64853591,69.17,255.12,67.2,0,2
49.49195474,45.02716245,-17.65619033,69.2,257.91,65.73,0,2
49.52056281,45.05318972,-17.66639622,69.24,250.45,73.34,0,2
49.54201886,45.07271016,-17.67405064,69.27,252.1,65,0,2
49.54917088,45.07921698,-17.67660211,69.28,243.97,67.44,0,2
49.57062693,45.09873742,-17.68425653,69.31,258.72,65.99,0,2
49.59208298,45.11825787,-17.69191094,69.34,248.89,65.69,0,2
49.61353903,45.13777832,-17.69956536,69.37,255.62,53.22,0,2
49.64214709,45.16380558,-17.70977125,69.41,255.62,65.53,0,2
49.64929911,45.17031239,-17.71232272,69.42,313.89,50.46,0,2
49.66360314,45.18332602,-17.71742567,69.44,256.78,70.01,0,2
49.67790718,45.19633965,-17.72252861,69.46,244.77,55.52,0,-1
49.71366726,45.22887373,-17.73528598,69.51,244.49,65.11,0,2
49.72081928,45.23538055,-17.73783745,69.52,312.51,47.27,0,2
49.72797129,45.24188736,-17.74038892,69.53,255.99,67.96,0,2
49.75657936,45.26791462,-17.75059481,69.57,258.47,58.46,0,2
49.77088339,45.28092825,-17.75569776,69.59,260.74,44.78,0,2
49.80664347,45.31346233,-17.76845512,69.64,11.22,37.86,0,2
49.86385961,45.36551685,-17.7888669,69.72,245.12,59.55,0,2
49.87101162,45.37202367,-17.79141837,69.73,241.9,66.92,0,2
49.92107574,45.41757138,-17.80927868,69.8,241.89,65.33,0,2
49.92822776,45.42407819,-17.81183016,69.81,272.42,60.65,0,2
49.97829187,45.4696259,-17.82969046,69.88,168.67,38.82,0,2
50.02120397,45.50866679,-17.8449993,69.94,260.73,51.01,0,2
50.02120397,45.50866679,-17.8449993,69.94,243.38,64.12,0,2
50.05696405,45.54120087,-17.85775666,69.99,1.54,46.39,0,2
50.0784201,45.56072132,-17.86541108,70.02,259.18,51.89,0,2
50.11418019,45.59325539,-17.87816844,70.07,243.52,68.55,0,2
50.1213322,45.59976221,-17.88071992,70.08,255.03,65.83,0,2
50.1642443,45.6388031,-17.89602875,70.14,260.45,59.6,0,2
50.17139632,45.64530992,-17.89858022,70.15,197.25,66.85,0,2
50.20000439,45.67133718,-17.90878611,70.19,86.11,69.92,0,2
50.20000439,45.67133718,-17.90878611,70.19,185.2,71.63,0,2
50.2071564,45.67784399,-17.91133759,70.2,251.14,84.47,0,2
50.23576447,45.70387125,-17.92154348,70.24,96.63,36.15,0,2
50.30013262,45.76243259,-17.94450673,70.33,217.4,61.55,0,2
50.30013262,45.76243259,-17.94450673,70.33,261.33,50.58,0,2
50.34304472,45.80147348,-17.95981557,70.39,189.47,48.81,0,2
50.37165278,45.82750075,-17.97002146,70.43,285.28,72.89,0,2
50.41456488,45.86654164,-17.98533029,70.49,227.16,47.28,0,2
50.45032497,45.89907572,-17.99808765,70.54,254.3,67.62,0,2
50.47893303,45.92510298,-18.00829354,70.58,91.26,40.21,0,2
50.48608505,45.93160979,-18.01084502,70.59,255.97,64.64,0,2
50.52184513,45.96414387,-18.02360238,70.64,249.66,58.83,0,2
50.55760522,45.99667795,-18.03635974,70.69,273.29,66.51,0,2
50.57906127,46.01619839,-18.04401416,70.72,40.27,44.17,0,2
50.57906127,46.01619839,-18.04401416,70.72,246.34,59.14,0,2
50.66488546,46.09428018,-18.07463183,70.84,242.77,71.67,0,2
50.69349353,46.12030744,-18.08483772,70.88,250.58,51.19,0,2
50.75070966,46.17236196,-18.1052495,70.96,242.96,62,0,-1
50.75070966,46.17236196,-18.1052495,70.96,356.87,65.2,0,2
50.7650137,46.18537559,-18.11035245,70.98,246.93,52.5,0,2
50.79362176,46.21140285,-18.12055834,71.02,257.07,44.01,0,2
50.82222983,46.23743012,-18.13076423,71.06,252.05,59.06,0,2
50.85798991,46.26996419,-18.14352159,71.11,254.27,67.67,0,2
50.90090201,46.30900508,-18.15883043,71.17,220.06,56.78,0,1
50.93666209,46.34153916,-18.17158779,71.22,214.52,58.37,0,2
50.95096613,46.35455279,-18.17669074,71.24,187.05,45.87,0,2
50.95096613,46.35455279,-18.17669074,71.24,55.15,46.92,0,2
50.96527016,46.36756642,-18.18179368,71.26,77.24,84.08,0,2
50.97242218,46.37407324,-18.18434515,71.27,186.29,32.2,0,2
51.02963831,46.42612776,-18.20475693,71.35,252.57,67.73,0,2
51.04394234,46.43914139,-18.20985988,71.37,240.95,65.79,0,2
51.07970243,46.47167547,-18.22261724,71.42,244.01,51.4,0,2
51.12261453,46.51071636,-18.23792608,71.48,84.01,74.63,0,2
51.12976654,46.51722318,-18.24047755,71.49,261.04,78.39,0,2
51.17267864,46.55626407,-18.25578639,71.55,252.33,53.43,0,2
51.17983066,46.56277088,-18.25833786,71.56,33.88,39.5,0,2
51.20128671,46.58229133,-18.26599228,71.59,253.38,62.68,0,2
51.22274276,46.60181178,-18.27364669,71.62,251.45,82.94,0,2
51.27280687,46.64735948,-18.291507,71.69,66.26,38.7,0,2
51.35863107,46.72544127,-18.32212467,71.81,336.25,68.77,0,2
51.35863107,46.72544127,-18.32212467,71.81,342.36,72,0,2
51.39439116,46.75797535,-18.33488204,71.86,252.76,57.76,0,2
51.5016714,46.85557758,-18.37315413,72.01,253.29,66.36,0,2
51.56603955,46.91413892,-18.39611738,72.1,250.75,63.6,0,2
51.60895165,46.95317981,-18.41142621,72.16,247.78,70.06,0,2
51.62325569,46.96619344,-18.41652916,72.18,170.04,36.8,0,2
51.77344803,47.10283656,-18.47011008,72.39,248.06,45.71,0,2
51.82351215,47.14838427,-18.48797039,72.46,228.3,72,0,2
51.85927223,47.18091835,-18.50072775,72.51,250.18,69.45,0,2
51.87357627,47.19393198,-18.5058307,72.53,248.5,77.23,0,2
51.8878803,47.20694561,-18.51093365,72.55,243.02,69.98,0,2
51.91648837,47.23297287,-18.52113954,72.59,252.73,57.49,0,2
52.00946458,47.31756147,-18.55430868,72.72,264.77,63.35,0,2
52.00946458,47.31756147,-18.55430868,72.72,191.3,52.35,0,2
52.11674483,47.4151637,-18.59258077,72.87,235.97,66.7,0,2
52.17396096,47.46721822,-18.61299255,72.95,7.35,42.36,0,2
52.2311771,47.51927275,-18.63340433,73.03,353.06,64.98,0,2
52.2740892,47.55831364,-18.64871316,73.09,47.83,29.42,0,2
52.37421743,47.64940905,-18.68443378,73.23,43.85,27.61,0,2
52.54586583,47.80557262,-18.74566912,73.47,68.1,89.54,0,2
52.58877792,47.84461352,-18.76097796,73.53,350.2,56.51,0,2
52.63884204,47.89016122,-18.77883827,73.6,236.77,60,0,2
52.87485859,48.10488613,-18.86303686,73.93,244.84,48.64,0,2
52.91061867,48.13742021,-18.87579423,73.98,343.24,68.05,0,2
52.96068279,48.18296792,-18.89365453,74.05,238.88,56.08,0,2
53.12517917,48.33262467,-18.9523384,74.28,231.67,61.92,0,2
53.25391547,48.44974735,-18.99826491,74.46,26.98,24.65,0,2
53.2682195,48.46276098,-19.00336786,74.48,231.73,65.12,0,2
53.34689168,48.53433595,-19.03143405,74.59,24.3,26.57,0,2
53.3969558,48.57988365,-19.04929436,74.66,350.58,74.48,0,2
53.53284411,48.70351315,-19.09777234,74.85,220.84,50.85,0,2
53.84038083,48.98330621,-19.20748566,75.28,97.76,36,0,2
54.05494132,49.17851067,-19.28402984,75.58,224.86,78.1,0,2
54.14791754,49.26309927,-19.31719898,75.71,165.16,30.15,0,2
54.36247804,49.45830373,-19.39374316,76.01,51.83,47.23,0,2
54.45545425,49.54289233,-19.42691231,76.14,255.36,80.88,0,2
54.56988652,49.64700138,-19.46773587,76.3,27.95,15.72,0,2
